{
  "metadata": {
    "task_name": "SVGEditBench",
    "model_name": "openai/gpt-3.5-turbo-0613",
    "split": "test",
    "timestamp": "2025-05-06T16:39:48.593999",
    "model_params": {
      "max_tokens": 16384,
      "temperature": 0.0,
      "batch_size": 5
    },
    "task_params": {
      "penalize_non_rasterizable": false,
      "skip_empty_responses": true
    },
    "test_mode": false,
    "test_samples": null,
    "max_samples": 100,
    "response_cache_file": "results/openai/gpt-3.5-turbo-0613/SVGEditBench/responses.jsonl",
    "mock_mode": false
  },
  "scores": {
    "total_samples": 100,
    "valid_responses": 95,
    "rasterizable_responses": 95,
    "confidence": 0.9643009989371008,
    "mse": 0.04220246422940743,
    "mse_CropToHalf": 0.12376607393744231,
    "mse_Transparency": 0.016838537100083106,
    "mse_UpSideDown": 0.07845951784218212,
    "mse_SetContour": 0.02702607481808991,
    "mse_Compression": 0.0041123160040023345,
    "mse_ChangeColor": 0.00042696044810242343,
    "primary_metric": 0.041771580024983705,
    "num_samples": 100
  }
}